FirstName,FirstName,Country
Maria,Maria,Germany
Ana,Ana,Mexico
Antonio,Antonio,Mexico
Thomas,Thomas,UK
Christina,Christina,Sweden
Hanna,Hanna,Germany
Frederique,Frederique,France
Martin,Martin,Spain
Laurence,Laurence,France
Elizabeth,Elizabeth,Canada
Victoria,Victoria,UK
Patricio,Patricio,Argentina
Francisco,Francisco,Mexico
Yang,Yang,Switzerland
Pedro,Pedro,Brazil
Elizabeth,Elizabeth,UK
Sven,Sven,Germany
Janine,Janine,France
Ann,Ann,UK
Roland,Roland,Austria
Aria,Aria,Brazil
Diego,Diego,Spain
Martine,Martine,France
Maria,Maria,Sweden
Peter,Peter,Germany
Carine,Carine,France
Paolo,Paolo,Italy
Lino,Lino,Portugal
Eduardo,Eduardo,Spain
José,José,Spain
André,André,Brazil
Howard,Howard,USA
Manuel,Manuel,Venezuela
Mario,Mario,Brazil
Carlos,Carlos,Venezuela
Yoshi,Yoshi,USA
Patricia,Patricia,Ireland
Helen,Helen,UK
Philip,Philip,Germany
Daniel,Daniel,France
Annette,Annette,France
Yoshi,Yoshi,Canada
John,John,USA
Renate,Renate,Germany
Jaime,Jaime,USA
Carlos,Carlos,Venezuela
Felipe,Felipe,Venezuela
Fran,Fran,USA
Giovanni,Giovanni,Italy
Catherine,Catherine,Belgium
Jean,Jean,Canada
Alexander,Alexander,Germany
Simon,Simon,UK
Yvonne,Yvonne,Argentina
Rene,Rene,USA
Henriette,Henriette,Germany
Marie,Marie,France
Guillermo,Guillermo,Mexico
Georg,Georg,Austria
Isabel,Isabel,Portugal
Bernardo,Bernardo,Brazil
Lúcia,Lúcia,Brazil
Horst,Horst,Germany
Sergio,Sergio,Argentina
Paula,Paula,USA
Maurizio,Maurizio,Italy
Janete,Janete,Brazil
Michael,Michael,Switzerland
Alejandra,Alejandra,Spain
Jonas,Jonas,Norway
Jose,Jose,USA
Hari,Hari,UK
Jytte,Jytte,Denmark
Dominique,Dominique,France
Art,Art,USA
Pascale,Pascale,Belgium
Liz,Liz,USA
Liu,Liu,USA
Karin,Karin,Germany
Miguel,Miguel,Mexico
Anabela,Anabela,Brazil
Helvetius,Helvetius,USA
Palle,Palle,Denmark
Mary,Mary,France
Paul,Paul,France
Rita,Rita,Germany
Pirkko,Pirkko,Finland
Paula,Paula,Brazil
Karl,Karl,USA
Matti,Matti,Finland
Zbyszek,Zbyszek,Poland
